Rank,01 Live Animals,02 Meat And Edible Meat Offal,"03 Fish, Crustaceans & Aquatic Invertebrates",04 Dairy Prods; Birds Eggs; Honey; Ed Animal Pr Nesoi,"05 Products Of Animal Origin, Nesoi","06 Live Trees, Plants, Bulbs Etc.; Cut Flowers Etc.",07 Edible Vegetables & Certain Roots & Tubers,08 Edible Fruit & Nuts; Citrus Fruit Or Melon Peel,"09 Coffee, Tea, Mate & Spices",10 Cereals,11 Milling Products; Malt; Starch; Inulin; Wht Gluten,"12 Oil Seeds Etc.; Misc Grain, Seed, Fruit, Plant Etc","13 Lac; Gums, Resins & Other Vegetable Sap & Extract",14 Vegetable Plaiting Materials & Products Nesoi,"15 Animal, Vegetable Or Microbial Fats And Oils Etc","16 Prep Of Meat,of Fish,of Crustaceans Etc,of Insects",17 Sugars And Sugar Confectionary,18 Cocoa And Cocoa Preparations,"19 Prep Cereal, Flour, Starch Or Milk; Bakers Wares","20 Prep Vegetables, Fruit, Nuts Or Other Plant Parts",21 Miscellaneous Edible Preparations,"22 Beverages, Spirits And Vinegar",23 Food Industry Residues & Waste; Prep Animal Feed,24 Tobacco & Subs;prod For Inhal W/o Combust;nic Prod,25 Salt; Sulfur; Earth & Stone; Lime & Cement Plaster,"26 Ores, Slag And Ash","27 Mineral Fuel, Oil Etc.; Bitumin Subst; Mineral Wax",28 Inorg Chem; Prec & Rare-earth Met & Radioact Compd,29 Organic Chemicals,30 Pharmaceutical Products,31 Fertilizers,"32 Tanning & Dye Ext Etc; Dye, Paint, Putty Etc; Inks","33 Essential Oils Etc; Perfumery, Cosmetic Etc Preps","34 Soap Etc; Waxes, Polish Etc; Candles; Dental Preps",35 Albuminoidal Subst; Modified Starch; Glue; Enzymes,36 Explosives; Pyrotechnics; Matches; Pyro Alloys Etc,37 Photographic Or Cinematographic Goods,38 Miscellaneous Chemical Products,39 Plastics And Articles Thereof,40 Rubber And Articles Thereof,41 Raw Hides And Skins (no Furskins) And Leather,42 Leather Art; Saddlery Etc; Handbags Etc; Gut Art,43 Furskins And Artificial Fur; Manufactures Thereof,44 Wood And Articles Of Wood; Wood Charcoal,45 Cork And Articles Of Cork,"46 Mfr Of Straw, Esparto Etc.; Basketware & Wickerwrk",47 Wood Pulp Etc; Recovd (waste & Scrap) ppr & pprbd,48 Paper & Paperboard & Articles (inc Papr Pulp Artl),"49 Printed Books, Newspapers Etc; Manuscripts Etc","50 Silk, Including Yarns And Woven Fabric Thereof","51 Wool & Animal Hair, Including Yarn & Woven Fabric","52 Cotton, Including Yarn And Woven Fabric Thereof",53 Veg Text Fib Nesoi; Veg Fib & Paper Yns & Wov Fab,"54 Manmade Filaments, Including Yarns & Woven Fabrics","55 Manmade Staple Fibers, Incl Yarns & Woven Fabrics","56 Wadding, Felt Etc; Sp Yarn; Twine, Ropes Etc.",57 Carpets And Other Textile Floor Coverings,58 Spec Wov Fabrics; Tufted Fab; Lace; Tapestries Etc,59 Impregnated Etc Text Fabrics; Tex Art For Industry,60 Knitted Or Crocheted Fabrics,"61 Apparel Articles And Accessories, Knit Or Crochet","62 Apparel Articles And Accessories, Not Knit Etc.",63 Textile Art Nesoi; Needlecraft Sets; Worn Text Art,"64 Footwear, Gaiters Etc. And Parts Thereof",65 Headgear And Parts Thereof,"66 Umbrellas, Walking-sticks, Riding-crops Etc, Parts","67 Prep Feathers, Down Etc; Artif Flowers; H Hair Art","68 Art Of Stone, Plaster, Cement, Asbestos, Mica Etc.",69 Ceramic Products,70 Glass And Glassware,"71 Nat Etc Pearls, Prec Etc Stones, Pr Met Etc; Coin",72 Iron And Steel,73 Articles Of Iron Or Steel,74 Copper And Articles Thereof,75 Nickel And Articles Thereof,76 Aluminum And Articles Thereof,78 Lead And Articles Thereof,79 Zinc And Articles Thereof,80 Tin And Articles Thereof,81 Base Metals Nesoi; Cermets; Articles Thereof,"82 Tools, Cutlery Etc. Of Base Metal & Parts Thereof",83 Miscellaneous Articles Of Base Metal,"84 Nuclear Reactors, Boilers, Machinery Etc.; Parts",85 Electric Machinery Etc; Sound Equip; Tv Equip; Pts,86 Railway Or Tramway Stock Etc; Traffic Signal Equip,"87 Vehicles, Except Railway Or Tramway, And Parts Etc","88 Aircraft, Spacecraft, And Parts Thereof","89 Ships, Boats And Floating Structures","90 Optic, Photo Etc, Medic Or Surgical Instrments Etc",91 Clocks And Watches And Parts Thereof,92 Musical Instruments; Parts And Accessories Thereof,93 Arms And Ammunition; Parts And Accessories Thereof,"94 Furnit;bedding,mattres;luminaires,light Fix;prefab","95 Toys, Games & Sport Equipment; Parts & Accessories",96 Miscellaneous Manufactured Articles,"97 Works Of Art, Collectors' Pieces And Antiques","98 Special Classification Provisions, Nesoi"
1,Kentucky,Texas,Alaska,California,Wisconsin,California,California,California,California,Louisiana,Illinois,Louisiana,Washington,Texas,Louisiana,Iowa,Iowa,Pennsylvania,California,California,California,Texas,Louisiana,North Carolina,Georgia,Arizona,Texas,Texas,Texas,Indiana,Florida,Ohio,New Jersey,Ohio,California,Texas,Oregon,Texas,Texas,Texas,Texas,California,Wisconsin,Washington,California,California,Georgia,Georgia,Texas,New York,Texas,Texas,North Carolina,North Carolina,Tennessee,Virginia,Georgia,Texas,Texas,California,California,California,Texas,Oregon,Illinois,Florida,California,California,California,Michigan,New York,Texas,Texas,Texas,Pennsylvania,California,Wisconsin,Texas,Texas,Ohio,Texas,California,Texas,Texas,Illinois,Michigan,Kentucky,Florida,California,New York,California,New York,Texas,California,Pennsylvania,New York,New York
2,Idaho,Nebraska,Washington,Texas,Texas,Florida,Washington,Washington,New Jersey,Washington,Wisconsin,Washington,New Jersey,California,Texas,Texas,Illinois,New Jersey,Illinois,Washington,Illinois,California,Illinois,Virginia,North Carolina,Alaska,Louisiana,Illinois,Indiana,North Carolina,Oregon,Illinois,California,Texas,Illinois,Florida,California,California,California,South Carolina,Nebraska,New Jersey,New Jersey,Louisiana,North Carolina,Texas,California,Texas,Wisconsin,California,North Carolina,Georgia,California,Texas,North Carolina,Texas,South Carolina,California,North Carolina,North Carolina,North Carolina,New York,California,California,California,California,New Jersey,Texas,New York,Ohio,Utah,California,California,California,California,Texas,California,California,Pennsylvania,Pennsylvania,Ohio,Texas,California,California,Texas,South Carolina,Washington,Georgia,Texas,Florida,New York,Missouri,California,Florida,Ohio,California,Ohio
3,Alabama,Kansas,Maine,Florida,California,Oregon,Texas,Texas,New York,Texas,Texas,Illinois,Texas,Florida,Illinois,California,California,Illinois,Texas,Florida,Texas,Tennessee,Iowa,Florida,Wisconsin,Nevada,California,California,Louisiana,Pennsylvania,Louisiana,Texas,Florida,Illinois,Wisconsin,Utah,New York,Illinois,Ohio,Illinois,Missouri,New York,Utah,North Carolina,Tennessee,New Jersey,North Carolina,New York,New York,Washington,Missouri,Tennessee,South Carolina,Tennessee,Virginia,North Carolina,Texas,North Carolina,Michigan,South Carolina,New York,New Jersey,Florida,Massachusetts,Pennsylvania,Pennsylvania,New York,Illinois,Texas,California,New Jersey,Pennsylvania,Ohio,Illinois,Ohio,New York,Texas,Pennsylvania,New Jersey,California,Illinois,Ohio,Illinois,Oregon,California,Alabama,Texas,New Jersey,Tennessee,Texas,Tennessee,Arkansas,Michigan,Texas,Georgia,Florida,Texas
4,Montana,Colorado,Florida,Washington,Illinois,Washington,Florida,Florida,Washington,Illinois,Washington,California,Maryland,Wisconsin,New Jersey,Ohio,Indiana,California,Pennsylvania,Wisconsin,Florida,Kentucky,Minnesota,Pennsylvania,Texas,Minnesota,Pennsylvania,Louisiana,New Jersey,Illinois,Minnesota,California,Ohio,New Jersey,Indiana,California,New Jersey,New Jersey,Michigan,Ohio,Kansas,Florida,California,Georgia,Wisconsin,Indiana,Mississippi,Washington,Indiana,New Mexico,New York,North Carolina,Oregon,Virginia,Georgia,Pennsylvania,Michigan,New York,Pennsylvania,Texas,Florida,Ohio,Illinois,Texas,Vermont,New York,Georgia,Washington,Virginia,Texas,Massachusetts,Ohio,Illinois,New York,North Carolina,Illinois,Pennsylvania,Illinois,New York,Oregon,Michigan,Michigan,Florida,Florida,Pennsylvania,Texas,Florida,Texas,Massachusetts,New Jersey,Pennsylvania,North Carolina,Florida,Nevada,California,New Jersey,Florida
5,New York,Iowa,Massachusetts,Wisconsin,Ohio,Michigan,Arizona,New Jersey,Pennsylvania,Kansas,California,Ohio,Maine,Georgia,California,Florida,Texas,Florida,Michigan,Texas,Michigan,Illinois,Missouri,Connecticut,California,Iowa,Washington,Pennsylvania,Pennsylvania,California,Texas,New Jersey,New York,California,Texas,Tennessee,Idaho,Louisiana,Illinois,Louisiana,Louisiana,Texas,Illinois,Oregon,New York,South Carolina,Alabama,California,California,Texas,Nebraska,California,New York,South Carolina,South Carolina,Georgia,California,Minnesota,California,Tennessee,Texas,Texas,New Jersey,New York,Ohio,New Jersey,Florida,Ohio,South Carolina,New York,Texas,Alabama,Michigan,New Jersey,Kentucky,Michigan,Missouri,New York,California,Florida,California,Illinois,Ohio,Illinois,Oregon,Indiana,Georgia,California,Illinois,California,Maryland,Pennsylvania,Illinois,Illinois,Texas,Texas,California
6,California,California,California,Michigan,New York,Ohio,North Dakota,Arizona,Florida,Iowa,Minnesota,Virginia,New York,Missouri,Florida,Illinois,Minnesota,Texas,Ohio,Idaho,New York,Florida,California,Tennessee,Ohio,Michigan,Mississippi,Michigan,North Carolina,Massachusetts,Idaho,Mississippi,Texas,Pennsylvania,Iowa,Kentucky,Massachusetts,Indiana,South Carolina,California,New York,Kansas,Maryland,Pennsylvania,Texas,New York,South Carolina,Wisconsin,Maryland,Georgia,Oregon,Mississippi,Georgia,Georgia,Texas,Wisconsin,Alabama,Illinois,South Carolina,Florida,New Jersey,Florida,Georgia,Florida,New York,Texas,Utah,Minnesota,Ohio,Massachusetts,California,Michigan,Pennsylvania,North Carolina,Texas,Washington,Michigan,Tennessee,Rhode Island,North Carolina,Pennsylvania,Florida,Georgia,New York,Indiana,Illinois,California,Tennessee,Minnesota,Pennsylvania,Illinois,New Jersey,Ohio,Washington,Tennessee,Illinois,Arizona
7,Oklahoma,Georgia,New Hampshire,Idaho,Utah,Pennsylvania,Michigan,Oregon,Nevada,Oregon,Kansas,Oregon,California,Nevada,Virginia,Wisconsin,New Jersey,Vermont,Florida,New York,Utah,Iowa,Nebraska,Texas,Washington,Idaho,Virginia,New Jersey,Missouri,Texas,Illinois,Pennsylvania,Illinois,North Carolina,North Carolina,Pennsylvania,South Carolina,North Carolina,Pennsylvania,Tennessee,Colorado,Ohio,New York,Virginia,Florida,Ohio,Texas,Florida,New Jersey,New Jersey,Illinois,South Carolina,Ohio,California,Alabama,South Carolina,Washington,Florida,Georgia,Pennsylvania,Ohio,Illinois,New York,New Jersey,New Jersey,Georgia,Minnesota,Pennsylvania,Massachusetts,Kentucky,Nevada,New Jersey,Florida,Ohio,Indiana,Ohio,New York,Michigan,Maryland,Massachusetts,Kentucky,Indiana,Michigan,Arizona,Ohio,Ohio,South Carolina,Washington,Florida,Oregon,Montana,Arizona,Indiana,North Carolina,Illinois,Massachusetts,Connecticut
8,Florida,Florida,Oregon,New York,Nebraska,Texas,Montana,Delaware,Louisiana,California,Idaho,Nebraska,Florida,Washington,Iowa,Georgia,Pennsylvania,New York,Tennessee,Illinois,Wisconsin,South Dakota,Ohio,Ohio,Florida,Utah,Maryland,Tennessee,Illinois,Florida,North Carolina,Florida,Pennsylvania,Louisiana,Minnesota,Virginia,Tennessee,Pennsylvania,Louisiana,Oregon,Minnesota,Georgia,Minnesota,California,Illinois,Georgia,Virginia,Illinois,Pennsylvania,North Carolina,South Carolina,Arkansas,Florida,Alabama,California,Michigan,Florida,South Carolina,Massachusetts,Michigan,Kentucky,Tennessee,Pennsylvania,Ohio,Texas,Ohio,Illinois,Utah,Pennsylvania,Pennsylvania,Florida,Illinois,New York,Missouri,New York,Kentucky,New Jersey,Indiana,Iowa,New York,Florida,Arizona,Wisconsin,Michigan,South Carolina,California,Ohio,Indiana,Indiana,Massachusetts,Massachusetts,California,New York,Georgia,Wisconsin,Ohio,Georgia
9,Georgia,Illinois,Rhode Island,Illinois,Kansas,Nevada,Idaho,Pennsylvania,Texas,Minnesota,Oregon,Iowa,Michigan,Connecticut,Georgia,Washington,Connecticut,Wisconsin,Indiana,New Jersey,New Jersey,Arizona,Kansas,New Jersey,Michigan,Pennsylvania,Alabama,North Carolina,California,Kentucky,Missouri,Tennessee,Utah,Michigan,Ohio,Arizona,Colorado,Ohio,Tennessee,Michigan,Illinois,Pennsylvania,Florida,Alabama,Pennsylvania,Florida,New York,Tennessee,North Carolina,South Carolina,Rhode Island,Virginia,Virginia,Florida,Delaware,Tennessee,North Carolina,Tennessee,Maryland,Georgia,Pennsylvania,Colorado,South Carolina,Minnesota,Oklahoma,Wisconsin,Ohio,New York,Michigan,New Jersey,Alaska,Indiana,Indiana,Pennsylvania,Georgia,Georgia,Illinois,Georgia,Illinois,Texas,Wisconsin,Kentucky,Tennessee,Pennsylvania,Missouri,Kentucky,Connecticut,Michigan,New York,Illinois,Indiana,Florida,North Carolina,Massachusetts,North Carolina,Connecticut,Virginia
10,Texas,North Carolina,Virginia,Arkansas,Iowa,North Carolina,North Carolina,Georgia,Maryland,North Dakota,Iowa,Missouri,Pennsylvania,New Jersey,South Carolina,Michigan,Florida,Georgia,Minnesota,Oregon,Ohio,New York,Georgia,California,Iowa,Missouri,New Jersey,Ohio,Michigan,New Jersey,Oklahoma,Kentucky,North Carolina,Florida,Massachusetts,Illinois,Missouri,Iowa,Georgia,Pennsylvania,California,Indiana,Michigan,Kentucky,New Jersey,Illinois,Florida,Ohio,Florida,Massachusetts,Maryland,Oklahoma,Texas,Kentucky,Massachusetts,Ohio,Pennsylvania,Georgia,Illinois,Virginia,Georgia,Kentucky,Michigan,South Carolina,Florida,Mississippi,Kansas,Indiana,North Carolina,Indiana,Rhode Island,New York,Wisconsin,Florida,Michigan,Florida,Maryland,North Carolina,Florida,Indiana,New Jersey,Oregon,New York,New Mexico,Florida,Oregon,Arizona,North Carolina,Arizona,Utah,Florida,Texas,Georgia,Kentucky,South Carolina,Pennsylvania,North Carolina
11,Iowa,Arkansas,New York,New Mexico,Minnesota,Arizona,Oregon,Michigan,Virginia,Missouri,Missouri,Georgia,Wisconsin,Ohio,Ohio,Arkansas,Wisconsin,Virginia,New Jersey,Michigan,Georgia,Indiana,Virginia,New York,Montana,Washington,Illinois,New York,South Carolina,Tennessee,California,Michigan,Michigan,South Carolina,Pennsylvania,Connecticut,Pennsylvania,Kentucky,Virginia,Georgia,Michigan,Illinois,Oregon,New York,Michigan,Washington,Arkansas,Virginia,Illinois,Florida,Michigan,Arizona,Wisconsin,New York,Florida,California,New Jersey,Pennsylvania,New York,Rhode Island,Nevada,Arizona,North Carolina,Georgia,Kansas,Michigan,Texas,Missouri,Florida,Georgia,Pennsylvania,Washington,Georgia,Georgia,Maryland,Pennsylvania,Georgia,Ohio,Ohio,Washington,North Carolina,Washington,Massachusetts,Georgia,Nebraska,Missouri,Maryland,Louisiana,Pennsylvania,Georgia,Texas,Virginia,Wisconsin,New York,Florida,Washington,Maryland
12,Maine,Virginia,Texas,Minnesota,Colorado,New Jersey,Minnesota,North Carolina,Vermont,Nebraska,New Jersey,Minnesota,Illinois,Illinois,Washington,Minnesota,Nebraska,North Carolina,New York,Massachusetts,Pennsylvania,Wisconsin,Indiana,Kentucky,Illinois,Louisiana,Minnesota,Montana,Ohio,New York,Utah,New York,Wisconsin,New York,New Jersey,North Carolina,Florida,Georgia,Florida,Indiana,Wisconsin,Massachusetts,Texas,Florida,Virginia,Massachusetts,Minnesota,Massachusetts,Tennessee,Oklahoma,Washington,Alabama,Connecticut,Michigan,Ohio,Massachusetts,Ohio,New Jersey,Wisconsin,Mississippi,Alabama,Washington,Washington,Maryland,Michigan,Illinois,Pennsylvania,Kentucky,Colorado,North Carolina,Illinois,South Carolina,Tennessee,Indiana,Connecticut,Tennessee,Florida,Maryland,Connecticut,Michigan,Arizona,Wisconsin,Indiana,Tennessee,Alabama,Tennessee,Kansas,Wisconsin,New Jersey,Ohio,North Carolina,Delaware,Pennsylvania,Arizona,New Jersey,Missouri,Michigan
13,Washington,Minnesota,Georgia,Kansas,Michigan,Minnesota,Georgia,New York,Illinois,Arkansas,Indiana,North Dakota,Delaware,Iowa,Missouri,North Carolina,New York,Indiana,Washington,North Carolina,North Carolina,Minnesota,Michigan,Georgia,Virginia,California,North Dakota,Kansas,Alabama,Michigan,Virginia,South Carolina,Maryland,Kentucky,Missouri,New York,Texas,Maryland,Indiana,Kentucky,Washington,Colorado,Iowa,Ohio,Massachusetts,Pennsylvania,Washington,Alabama,South Carolina,Pennsylvania,California,Louisiana,Illinois,Vermont,Pennsylvania,Illinois,New York,Ohio,Ohio,New York,Illinois,Pennsylvania,Maryland,Utah,North Carolina,North Carolina,Maryland,Massachusetts,New Jersey,Illinois,Tennessee,Kentucky,Minnesota,Arizona,Illinois,Indiana,Massachusetts,Florida,Indiana,Alabama,Oregon,Pennsylvania,Arizona,Ohio,New York,Georgia,Indiana,Minnesota,Georgia,Michigan,New Jersey,Illinois,Iowa,Indiana,New York,Georgia,Illinois
14,Virginia,Washington,New Jersey,Arizona,Virginia,Massachusetts,Wisconsin,Maine,Connecticut,Colorado,Florida,Texas,Minnesota,Pennsylvania,Minnesota,Oklahoma,Ohio,Washington,Georgia,Ohio,Indiana,Louisiana,South Carolina,Michigan,South Dakota,Montana,Michigan,Massachusetts,Tennessee,Maryland,Mississippi,Georgia,South Carolina,Indiana,Idaho,Arkansas,Kentucky,New York,New York,Florida,Pennsylvania,Oregon,Alaska,Texas,Washington,Wisconsin,Illinois,South Carolina,Ohio,Connecticut,Utah,Missouri,Michigan,Utah,New York,Mississippi,Maryland,Michigan,Tennessee,Arizona,Washington,Nevada,Wisconsin,Pennsylvania,Wisconsin,Maryland,Nevada,Georgia,Illinois,Tennessee,North Carolina,Florida,South Carolina,Michigan,Massachusetts,Alabama,South Carolina,Wisconsin,Washington,Georgia,Missouri,New York,Kentucky,Massachusetts,Louisiana,Florida,New York,South Carolina,Wisconsin,Connecticut,Ohio,Alabama,Washington,Connecticut,Connecticut,Colorado,New Jersey
15,Wisconsin,Utah,Hawaii,Georgia,New Jersey,Tennessee,Nebraska,New Mexico,Ohio,Virginia,New York,Kansas,Connecticut,Mississippi,Nebraska,New Jersey,Tennessee,New Hampshire,Missouri,Georgia,Washington,North Dakota,South Dakota,Montana,Nevada,New York,New York,Nevada,Massachusetts,Ohio,New Mexico,Indiana,Virginia,Wisconsin,Florida,Ohio,Rhode Island,Massachusetts,New Jersey,North Carolina,Iowa,Arizona,Pennsylvania,Wisconsin,Georgia,Maryland,New Jersey,Pennsylvania,Virginia,Rhode Island,Connecticut,New Mexico,Arizona,Connecticut,Illinois,Delaware,Maine,Alabama,Utah,Ohio,Tennessee,North Carolina,Ohio,Delaware,Arizona,Alabama,Connecticut,Florida,Georgia,Washington,Colorado,Massachusetts,New Jersey,Tennessee,New Jersey,Virginia,Indiana,Connecticut,Wisconsin,New Jersey,Indiana,Georgia,Pennsylvania,Indiana,North Carolina,New York,North Carolina,Rhode Island,Washington,Nevada,Arizona,Minnesota,Tennessee,Ohio,Kentucky,Minnesota,Indiana
16,North Carolina,Missouri,Maryland,Pennsylvania,Washington,Georgia,Ohio,Virginia,Missouri,Wisconsin,North Dakota,Arizona,North Carolina,Kansas,Kansas,Alaska,Washington,Tennessee,Iowa,Indiana,Missouri,Virginia,Washington,South Carolina,New York,Texas,Missouri,Indiana,Florida,Missouri,Washington,Wisconsin,Georgia,Missouri,New York,Colorado,Georgia,South Carolina,North Carolina,Kansas,Georgia,Washington,Montana,Michigan,Ohio,Delaware,Massachusetts,Michigan,Kentucky,Illinois,Florida,Florida,Pennsylvania,Minnesota,New Jersey,New York,Tennessee,Arizona,Minnesota,Kentucky,South Carolina,Georgia,Minnesota,Kentucky,New Hampshire,Washington,Washington,Michigan,Tennessee,South Carolina,Arizona,Mississippi,Kentucky,Alabama,Washington,New Jersey,Ohio,Arizona,Colorado,Kentucky,Massachusetts,North Carolina,North Carolina,Minnesota,Mississippi,Iowa,New Hampshire,Massachusetts,Utah,Delaware,Washington,New Hampshire,South Carolina,Virginia,Washington,Arizona,Kansas
17,Tennessee,South Dakota,Arkansas,New Jersey,Missouri,Virginia,Illinois,Hawaii,Georgia,Indiana,Michigan,Alabama,Missouri,Colorado,Pennsylvania,Pennsylvania,Louisiana,Michigan,Wisconsin,Pennsylvania,Virginia,New Jersey,Kentucky,Wisconsin,New Jersey,Illinois,Kentucky,Georgia,New York,Iowa,Ohio,Massachusetts,Washington,Delaware,Georgia,Michigan,Oklahoma,Missouri,Massachusetts,New York,Arizona,Michigan,Colorado,Missouri,Missouri,Nebraska,Tennessee,North Carolina,New Hampshire,Kentucky,New Jersey,Illinois,Oklahoma,New Hampshire,Maine,Minnesota,Virginia,Rhode Island,Florida,Wisconsin,Oregon,Utah,Massachusetts,Indiana,Colorado,Nevada,Michigan,Oregon,Connecticut,Oregon,Maryland,North Carolina,Colorado,South Carolina,Florida,Missouri,Washington,New Jersey,Arizona,Utah,Minnesota,Connecticut,New Mexico,Wisconsin,New Jersey,Minnesota,Illinois,Missouri,Michigan,Washington,Utah,Massachusetts,Virginia,Utah,Utah,Nevada,Pennsylvania
18,Pennsylvania,Michigan,Illinois,Utah,North Carolina,South Carolina,New Jersey,Wisconsin,Minnesota,Ohio,Nebraska,Wisconsin,Utah,Michigan,North Dakota,Missouri,Idaho,Utah,North Carolina,Kentucky,Louisiana,Pennsylvania,New York,Nevada,Pennsylvania,Colorado,Georgia,Washington,Kentucky,Georgia,Iowa,Maryland,Minnesota,Tennessee,South Carolina,Kansas,Ohio,Tennessee,Kentucky,Wisconsin,Utah,Virginia,Ohio,Indiana,Indiana,Virginia,Maine,Louisiana,Missouri,Arkansas,Massachusetts,Ohio,New Jersey,New Jersey,Michigan,Maryland,Illinois,Indiana,New Jersey,Iowa,Indiana,Oregon,Arizona,Washington,Kentucky,Missouri,Colorado,Wisconsin,Minnesota,Wisconsin,Idaho,Arkansas,Missouri,Utah,West Virginia,Iowa,Virginia,Missouri,Michigan,Illinois,New York,Minnesota,New Jersey,North Carolina,Minnesota,New Jersey,Alabama,Virginia,Ohio,Arizona,Oregon,Nevada,New Jersey,New Jersey,Michigan,Delaware,Massachusetts
19,Ohio,Indiana,Wisconsin,Alabama,Idaho,Wisconsin,Colorado,Ohio,Hawaii,Florida,Arkansas,Maryland,Ohio,New York,Arizona,Massachusetts,Arizona,Ohio,Kentucky,Kansas,Iowa,Georgia,North Dakota,Alabama,Nebraska,West Virginia,Ohio,Alabama,Wisconsin,New Hampshire,Arizona,North Carolina,Indiana,Georgia,Tennessee,Idaho,Connecticut,Michigan,Wisconsin,New Jersey,Idaho,Tennessee,South Carolina,Mississippi,Arizona,Kansas,Maryland,New Jersey,Minnesota,Iowa,Georgia,New York,Washington,Ohio,Kansas,Florida,Kentucky,Utah,Alabama,Alabama,Arizona,Delaware,Utah,Michigan,Indiana,Oregon,North Carolina,Colorado,Wisconsin,Florida,Ohio,Georgia,Washington,Massachusetts,Tennessee,Oregon,Kansas,Arkansas,South Carolina,Kansas,Connecticut,South Carolina,Oregon,New Jersey,Wisconsin,Pennsylvania,Oklahoma,Colorado,Mississippi,Kansas,Michigan,Georgia,Alabama,Vermont,Iowa,Maryland,Alabama
20,Arizona,Mississippi,North Carolina,Iowa,Georgia,New York,New York,Indiana,Tennessee,South Dakota,Utah,New Jersey,Indiana,North Carolina,Alaska,New York,Georgia,Missouri,Oregon,Nebraska,Minnesota,Ohio,Texas,Arizona,Mississippi,Ohio,Tennessee,Connecticut,Georgia,Wisconsin,Alabama,Iowa,Kentucky,West Virginia,Oklahoma,Missouri,Illinois,Washington,Minnesota,Missouri,North Carolina,Wisconsin,Indiana,Tennessee,Maryland,Utah,Connecticut,Maine,Georgia,Utah,Pennsylvania,Massachusetts,Louisiana,Pennsylvania,Louisiana,Indiana,Wisconsin,Washington,Kentucky,New Jersey,Utah,Virginia,Colorado,Wisconsin,Georgia,Minnesota,Missouri,New Jersey,Oregon,Minnesota,Washington,Maryland,Arizona,Virginia,Arizona,Kansas,North Carolina,Massachusetts,Georgia,Connecticut,Mississippi,Virginia,Connecticut,Nevada,Kentucky,Wisconsin,Michigan,Illinois,Oregon,Virginia,Nevada,Connecticut,Minnesota,Minnesota,Indiana,Louisiana,Washington
21,Michigan,Louisiana,Michigan,Nevada,Florida,Colorado,Pennsylvania,South Carolina,Wisconsin,Montana,Massachusetts,Idaho,Colorado,Virginia,New York,Kansas,North Dakota,Kansas,Idaho,Utah,Nevada,Missouri,Colorado,Massachusetts,Oregon,South Carolina,Florida,Oklahoma,Colorado,Nebraska,Pennsylvania,Missouri,Nebraska,Arizona,Michigan,Louisiana,Arizona,Alabama,West Virginia,Iowa,Florida,Utah,North Carolina,Illinois,New Hampshire,Michigan,Pennsylvania,Mississippi,Michigan,Arizona,Ohio,Nevada,Kentucky,Maryland,New Hampshire,Washington,Kansas,New Hampshire,Indiana,Indiana,Maryland,Massachusetts,Indiana,Virginia,Nebraska,Massachusetts,Indiana,Iowa,Washington,Alabama,New Hampshire,Virginia,Massachusetts,Wisconsin,Nevada,West Virginia,Tennessee,Minnesota,Virginia,South Carolina,South Carolina,Tennessee,Minnesota,Washington,Kansas,Virginia,Pennsylvania,New York,Connecticut,New Hampshire,Minnesota,Kentucky,Maryland,Missouri,Minnesota,Wisconsin,Oklahoma
22,Indiana,Arizona,Ohio,Indiana,Pennsylvania,Illinois,Nevada,Illinois,Oregon,Oklahoma,Ohio,Colorado,Kansas,Arizona,Indiana,Oregon,Colorado,Nevada,Kansas,Minnesota,Maryland,Kansas,Wisconsin,Illinois,Alabama,Florida,Alaska,South Carolina,Iowa,Delaware,Massachusetts,Virginia,Connecticut,Massachusetts,Kentucky,Washington,South Dakota,Wisconsin,Alabama,Alabama,Kentucky,South Carolina,Maine,Maine,Hawaii,Colorado,Delaware,Indiana,Washington,Kansas,Kansas,Kansas,Maryland,Delaware,Rhode Island,Connecticut,Arizona,Virginia,Arizona,Utah,Michigan,Indiana,Iowa,Tennessee,Utah,Connecticut,Oregon,North Carolina,West Virginia,Maryland,Alabama,Rhode Island,North Carolina,Connecticut,Louisiana,North Carolina,Minnesota,Louisiana,Alabama,Missouri,Virginia,New Jersey,South Carolina,Kentucky,Arkansas,North Carolina,Virginia,Kansas,Colorado,Indiana,Missouri,Maine,Utah,Pennsylvania,Maine,North Carolina,Arkansas
23,Missouri,Wisconsin,Pennsylvania,Missouri,Oklahoma,Maine,New Mexico,Minnesota,South Carolina,Michigan,Pennsylvania,South Carolina,Iowa,Oregon,South Dakota,Nebraska,Kentucky,Iowa,Nebraska,Virginia,Idaho,Washington,New Jersey,Louisiana,South Carolina,Indiana,West Virginia,Missouri,Maryland,Rhode Island,New Jersey,Minnesota,Arkansas,Kansas,Maryland,Iowa,Minnesota,Minnesota,Washington,Minnesota,Indiana,Maryland,Nevada,Idaho,Colorado,North Carolina,Oregon,Arkansas,Arizona,Maryland,Virginia,New Jersey,Colorado,Rhode Island,Oklahoma,Kentucky,Arkansas,Colorado,Connecticut,Massachusetts,Wisconsin,Maryland,Virginia,Illinois,South Carolina,Indiana,Wisconsin,Arizona,Missouri,Missouri,Connecticut,Tennessee,Alabama,Washington,Wisconsin,Colorado,Alabama,Kentucky,North Carolina,Arizona,Arkansas,Maryland,Washington,Virginia,Oklahoma,Washington,Wisconsin,Mississippi,North Carolina,Kentucky,Wisconsin,Washington,Missouri,Michigan,Kansas,Maine,Minnesota
24,Nevada,New York,Louisiana,Ohio,Delaware,Idaho,Maryland,Utah,New Mexico,New Jersey,Colorado,North Carolina,Massachusetts,Louisiana,North Carolina,South Dakota,New Mexico,Delaware,Massachusetts,Maine,Connecticut,Utah,Pennsylvania,Maryland,Louisiana,New Jersey,Indiana,Idaho,Virginia,Virginia,Georgia,Delaware,Tennessee,Virginia,Nebraska,South Carolina,Michigan,Florida,Delaware,Arizona,Arkansas,North Carolina,Washington,South Carolina,Kansas,Oregon,New Mexico,Kentucky,Massachusetts,Colorado,New Mexico,Delaware,New Hampshire,Arizona,Iowa,South Dakota,Massachusetts,Maryland,Missouri,Louisiana,Colorado,Alabama,West Virginia,Missouri,Oregon,Colorado,Massachusetts,West Virginia,Arizona,Arizona,Michigan,Connecticut,Louisiana,Louisiana,South Carolina,Arizona,Hawaii,Virginia,Nebraska,Maryland,Utah,Massachusetts,Oklahoma,South Carolina,Iowa,Maryland,Tennessee,Connecticut,Kentucky,Colorado,Virginia,South Carolina,Oregon,Wisconsin,Missouri,Michigan,Tennessee
25,Minnesota,Pennsylvania,Idaho,Vermont,South Dakota,Utah,Virginia,Massachusetts,Michigan,Idaho,Georgia,New York,Georgia,Montana,Mississippi,Maryland,Massachusetts,Colorado,Vermont,Maryland,Kentucky,Oregon,Alaska,Washington,Indiana,Tennessee,Arizona,Maryland,West Virginia,Kansas,Michigan,Nevada,Missouri,Connecticut,South Dakota,Alabama,Delaware,Arizona,Arizona,Virginia,Ohio,Nevada,Missouri,Minnesota,Idaho,Kentucky,Ohio,Minnesota,Colorado,Tennessee,Maine,Indiana,Indiana,Massachusetts,Wisconsin,New Hampshire,Colorado,Oklahoma,Delaware,Vermont,Missouri,Minnesota,Nevada,Colorado,Nevada,Utah,Alabama,New Hampshire,Kentucky,Connecticut,Louisiana,Oregon,Oklahoma,Minnesota,New Hampshire,Maryland,Rhode Island,Washington,New Hampshire,Minnesota,Tennessee,Missouri,Missouri,Connecticut,Arizona,Arizona,Utah,Maryland,Virginia,North Carolina,Georgia,Nebraska,Arizona,Tennessee,Delaware,New Mexico,Maine
26,Oregon,South Carolina,Indiana,South Dakota,Massachusetts,Indiana,Utah,Kentucky,Massachusetts,Maryland,Oklahoma,Florida,South Carolina,Maryland,Tennessee,Virginia,New Hampshire,Massachusetts,Colorado,Louisiana,Tennessee,Arkansas,North Carolina,Oregon,Kentucky,Delaware,Montana,Arizona,Utah,Oregon,Arkansas,Alabama,Iowa,Oklahoma,New Mexico,Indiana,Virginia,Oregon,Connecticut,Colorado,Virginia,Missouri,Virginia,Massachusetts,Iowa,Connecticut,Michigan,Vermont,Utah,Delaware,Oklahoma,Pennsylvania,Kansas,Indiana,Nevada,Colorado,New Hampshire,Massachusetts,New Hampshire,Illinois,Delaware,Vermont,South Dakota,New Hampshire,Virginia,Hawaii,Virginia,Virginia,Indiana,Colorado,Georgia,Wisconsin,Iowa,Oregon,Alabama,Minnesota,Connecticut,Rhode Island,Minnesota,Rhode Island,Georgia,Alabama,Iowa,Kansas,Georgia,Mississippi,Arkansas,Oregon,South Carolina,Wisconsin,Colorado,Ohio,Kentucky,Mississippi,Massachusetts,Virginia,Wisconsin
27,South Carolina,Alabama,Arizona,Oregon,Mississippi,Connecticut,Mississippi,Idaho,Colorado,Connecticut,North Carolina,South Dakota,Nevada,Massachusetts,Massachusetts,Tennessee,Utah,Idaho,Nevada,North Dakota,Rhode Island,Maine,Florida,Delaware,Minnesota,Kentucky,Delaware,Florida,Arkansas,Washington,Kentucky,Connecticut,Nevada,Washington,Connecticut,New Jersey,Wisconsin,Utah,Missouri,Arkansas,Massachusetts,Kentucky,Louisiana,Iowa,South Carolina,Mississippi,Arizona,Arizona,Nevada,Ohio,Wisconsin,Minnesota,Iowa,Missouri,Indiana,Arizona,Indiana,Iowa,Nevada,Minnesota,Mississippi,Oklahoma,Connecticut,North Carolina,Massachusetts,Kentucky,Arizona,South Carolina,Louisiana,New Hampshire,South Carolina,Iowa,Connecticut,Kentucky,Maine,Massachusetts,Iowa,Iowa,Massachusetts,Nevada,Washington,Nevada,Virginia,Mississippi,Tennessee,North Dakota,New Jersey,Maine,Maryland,Hawaii,Maine,Mississippi,Massachusetts,Oregon,Virginia,New Hampshire,Utah
28,Colorado,Delaware,South Carolina,Connecticut,Alaska,Alabama,Kansas,Missouri,Iowa,Utah,South Dakota,Michigan,Louisiana,Indiana,Alabama,Rhode Island,Michigan,Minnesota,Virginia,Arizona,Kansas,Massachusetts,Arkansas,Arkansas,Tennessee,Virginia,New Mexico,Kentucky,Oregon,Utah,Indiana,Oregon,Arizona,Minnesota,Colorado,Minnesota,Washington,Virginia,Maryland,Oklahoma,New Jersey,Minnesota,Tennessee,West Virginia,Louisiana,Missouri,Wisconsin,Maryland,Connecticut,Minnesota,New Hampshire,Kentucky,Alabama,West Virginia,Arizona,New Jersey,Connecticut,Connecticut,Virginia,New Hampshire,Massachusetts,Michigan,Alabama,Nevada,Missouri,Virginia,Tennessee,Tennessee,Alabama,Virginia,Kentucky,Minnesota,Virginia,Maryland,Missouri,South Carolina,Arizona,Hawaii,Oregon,Colorado,Iowa,Colorado,Maryland,Colorado,Washington,Kansas,Minnesota,Arizona,New Hampshire,Maryland,South Carolina,Tennessee,Mississippi,Colorado,Colorado,Rhode Island,Missouri
29,West Virginia,Oklahoma,Minnesota,Colorado,Arizona,North Dakota,Missouri,Maryland,Alabama,Mississippi,Kentucky,Arkansas,Oklahoma,Minnesota,Oregon,South Carolina,Vermont,Louisiana,Mississippi,Iowa,South Carolina,Michigan,Alabama,Iowa,Utah,North Dakota,Kansas,Rhode Island,Connecticut,Minnesota,New York,Washington,Massachusetts,Utah,Virginia,Montana,North Carolina,Maine,Iowa,Massachusetts,Connecticut,Connecticut,Georgia,New Hampshire,Nevada,New Mexico,Kentucky,Missouri,Oregon,Alabama,Vermont,Rhode Island,Missouri,Illinois,Vermont,Missouri,Nevada,Wisconsin,Iowa,Oklahoma,Minnesota,Wisconsin,Missouri,Maine,Tennessee,Arizona,Kentucky,Alabama,Utah,Kansas,Oklahoma,Louisiana,Maryland,Colorado,Oklahoma,Wisconsin,Kentucky,South Carolina,Delaware,Iowa,Maryland,Kansas,New Hampshire,Maryland,Michigan,Utah,Oregon,Ohio,Missouri,Alaska,Kentucky,Iowa,Connecticut,Oklahoma,Maryland,Tennessee,South Carolina
30,South Dakota,Maryland,Delaware,Maryland,Arkansas,Maryland,Connecticut,Colorado,Indiana,Tennessee,South Carolina,Utah,Oregon,Arkansas,Maryland,Arizona,North Carolina,Hawaii,Arizona,Nevada,Oregon,Nevada,Oregon,Minnesota,Connecticut,North Carolina,Oklahoma,Utah,Kansas,Colorado,South Carolina,West Virginia,Idaho,Arkansas,Arizona,Oklahoma,Indiana,Connecticut,Arkansas,Connecticut,Tennessee,Idaho,Delaware,Alaska,Kentucky,West Virginia,Nevada,Connecticut,Iowa,Alaska,Arizona,Connecticut,Massachusetts,Maine,Connecticut,Maine,Minnesota,Oregon,South Dakota,Kansas,New Hampshire,Connecticut,Mississippi,Alabama,Washington,New Hampshire,South Dakota,Connecticut,Nebraska,North Dakota,Minnesota,Missouri,Kansas,Rhode Island,Oregon,Connecticut,Oregon,Oregon,Nevada,Tennessee,Louisiana,Iowa,Colorado,New Hampshire,Connecticut,Oklahoma,Colorado,Alabama,Alabama,Tennessee,Hawaii,Maryland,Nevada,Idaho,New Hampshire,Utah,Mississippi
31,Illinois,Tennessee,Missouri,Tennessee,Maryland,Vermont,Maine,South Dakota,North Carolina,New York,Maryland,Indiana,Kentucky,Alabama,New Hampshire,Alabama,South Dakota,Arizona,Utah,Delaware,Colorado,North Carolina,Mississippi,Missouri,Maryland,Maryland,Nebraska,Mississippi,North Dakota,Arizona,North Dakota,Oklahoma,Delaware,Oregon,Kansas,Delaware,Maryland,Montana,Utah,West Virginia,New Hampshire,Maine,New Hampshire,Vermont,Nebraska,Alabama,Indiana,Oregon,Mississippi,Hawaii,Indiana,Idaho,Montana,Iowa,Minnesota,Rhode Island,Utah,Kentucky,Mississippi,Oregon,Virginia,South Carolina,New Mexico,Hawaii,Mississippi,Iowa,South Carolina,Oklahoma,Arkansas,Oklahoma,Virginia,Arizona,Arkansas,Iowa,Colorado,Utah,Oklahoma,Nebraska,Kansas,Wisconsin,Colorado,Oklahoma,Alabama,Missouri,Massachusetts,Arkansas,Massachusetts,Delaware,Nebraska,Minnesota,Connecticut,Michigan,Kansas,Iowa,Arizona,Oregon,Colorado
32,New Mexico,Ohio,Alabama,Nebraska,Rhode Island,Missouri,Tennessee,Arkansas,Rhode Island,New Mexico,Montana,Pennsylvania,Arizona,Utah,Kentucky,Mississippi,Maryland,Kentucky,South Carolina,Missouri,Massachusetts,Connecticut,Tennessee,Hawaii,West Virginia,Oregon,Maine,Arkansas,Washington,Oklahoma,Kansas,Kansas,Mississippi,Colorado,New Hampshire,South Dakota,New Hampshire,Colorado,New Hampshire,Washington,South Carolina,Montana,Arizona,Arizona,Delaware,Iowa,Hawaii,Idaho,Alabama,Idaho,Delaware,Oregon,Minnesota,Wisconsin,Kentucky,Iowa,Oregon,Louisiana,Nebraska,Washington,Connecticut,Idaho,Tennessee,Vermont,Minnesota,Kansas,New Hampshire,Mississippi,Maryland,Mississippi,New Mexico,Nebraska,Oregon,Kansas,Minnesota,Arkansas,New Mexico,Colorado,Missouri,Oklahoma,Oklahoma,New Hampshire,West Virginia,Utah,New Hampshire,Nebraska,Maine,New Mexico,Kansas,Oklahoma,Delaware,Indiana,New Mexico,Kansas,Oklahoma,Mississippi,New Mexico
33,Arkansas,Kentucky,Utah,North Carolina,Indiana,Louisiana,Kentucky,Tennessee,Nebraska,South Carolina,Vermont,Montana,Virginia,Maine,Connecticut,Utah,Alabama,Oregon,Arkansas,South Carolina,Arizona,Hawaii,Montana,Indiana,Maine,Massachusetts,Utah,Wisconsin,Delaware,Montana,Wisconsin,Arizona,Oregon,Alabama,Oregon,North Dakota,New Mexico,Kansas,Mississippi,Mississippi,South Dakota,Mississippi,Massachusetts,Connecticut,Oregon,Louisiana,New Hampshire,Delaware,Kansas,Indiana,South Dakota,Washington,North Dakota,Kansas,Colorado,Utah,Missouri,Delaware,Louisiana,Connecticut,Kansas,Mississippi,New Hampshire,Idaho,Alabama,Tennessee,Oklahoma,Arkansas,Rhode Island,Iowa,Vermont,Hawaii,Utah,New Mexico,New Mexico,New Mexico,Colorado,Kansas,Utah,West Virginia,Kansas,Mississippi,Mississippi,Oklahoma,Nevada,Connecticut,Missouri,Pennsylvania,Iowa,Alabama,Oklahoma,Wisconsin,Colorado,South Carolina,Nevada,Vermont,New Hampshire
34,Massachusetts,New Jersey,Kentucky,Mississippi,Oregon,Arkansas,Arkansas,Nevada,Idaho,Georgia,Maine,Nevada,Tennessee,Kentucky,Michigan,Indiana,Nevada,New Mexico,North Dakota,New Mexico,Arkansas,Rhode Island,Utah,Vermont,Missouri,Georgia,Oregon,Iowa,Oklahoma,Mississippi,Tennessee,Arkansas,Colorado,Idaho,Washington,Maryland,Alaska,New Mexico,Colorado,North Dakota,Oklahoma,Delaware,Connecticut,Maryland,Maine,Tennessee,Utah,New Mexico,Oklahoma,Louisiana,Nevada,Wisconsin,Idaho,Oklahoma,Missouri,Louisiana,Rhode Island,Missouri,Oklahoma,Missouri,Vermont,Missouri,Oregon,Arizona,Idaho,Delaware,Iowa,Nevada,Kansas,West Virginia,Missouri,Maine,Nebraska,Arkansas,Virginia,Louisiana,Nevada,New Mexico,Kentucky,Maine,Alabama,Arkansas,Kansas,Idaho,Virginia,Colorado,West Virginia,Arkansas,Nevada,Missouri,Alabama,Utah,Arkansas,Rhode Island,Oregon,Kentucky,West Virginia
35,Utah,Nevada,Tennessee,West Virginia,South Carolina,South Dakota,South Carolina,North Dakota,Arizona,Pennsylvania,Arizona,Kentucky,Montana,Nebraska,Wisconsin,Idaho,Virginia,Alabama,Maryland,Tennessee,Delaware,Colorado,Maryland,Colorado,Vermont,Connecticut,Wisconsin,Oregon,Arizona,Nevada,Maine,New Hampshire,West Virginia,New Hampshire,Alabama,Massachusetts,Mississippi,West Virginia,Oklahoma,Delaware,Maryland,New Hampshire,Arkansas,Nevada,Connecticut,Arizona,West Virginia,Nevada,Arkansas,Maine,Mississippi,Utah,Nevada,Louisiana,Oregon,Alabama,Mississippi,Nebraska,Maine,Delaware,Iowa,New Hampshire,Kentucky,Connecticut,Maryland,Oklahoma,Hawaii,Maryland,New Mexico,Utah,Iowa,Kansas,Mississippi,New Hampshire,Rhode Island,New Hampshire,Utah,Mississippi,Maine,Virginia,Idaho,Utah,Louisiana,Iowa,Maryland,Massachusetts,Iowa,Alaska,Delaware,South Carolina,Kansas,Oregon,Nebraska,Alabama,West Virginia,Indiana,Kentucky
36,Connecticut,Massachusetts,Vermont,Kentucky,Alabama,Oklahoma,Massachusetts,Iowa,Utah,Vermont,Tennessee,New Mexico,West Virginia,Oklahoma,Colorado,Maine,Maine,Maryland,Montana,Connecticut,Nebraska,Delaware,Oklahoma,Oklahoma,Colorado,Arkansas,Connecticut,Delaware,Minnesota,South Carolina,Colorado,Louisiana,Alabama,Iowa,Mississippi,West Virginia,Vermont,North Dakota,Oregon,New Hampshire,Mississippi,Alabama,Hawaii,New Jersey,Mississippi,Minnesota,Kansas,Iowa,South Dakota,Michigan,Alabama,Michigan,Utah,Oregon,Nebraska,Vermont,Delaware,Mississippi,Kansas,Nevada,Rhode Island,Maine,Kansas,Montana,Arkansas,Montana,Mississippi,Montana,Oklahoma,Arkansas,Wisconsin,Utah,New Mexico,Mississippi,Vermont,Mississippi,New Hampshire,Nevada,South Dakota,Vermont,Nevada,Louisiana,Utah,Alabama,Colorado,Montana,Delaware,Idaho,Oklahoma,Nebraska,Iowa,West Virginia,Louisiana,Maryland,Mississippi,Iowa,Hawaii
37,Kansas,Idaho,Colorado,Virginia,Kentucky,Kansas,Louisiana,Mississippi,Delaware,North Carolina,Virginia,Delaware,Hawaii,Rhode Island,Idaho,Colorado,Missouri,South Carolina,Connecticut,Colorado,Mississippi,Idaho,Arizona,New Mexico,Arizona,Rhode Island,Hawaii,Colorado,Nevada,Louisiana,South Dakota,Colorado,Vermont,Rhode Island,Utah,New Hampshire,Utah,New Hampshire,Kansas,Nebraska,Oregon,Oklahoma,Kansas,Arkansas,Alabama,Maine,Vermont,New Hampshire,West Virginia,Mississippi,Hawaii,Colorado,Rhode Island,Washington,Washington,Nebraska,Louisiana,Kansas,Colorado,Colorado,Maine,Iowa,Delaware,Mississippi,Delaware,Idaho,Montana,Kansas,North Dakota,Louisiana,Delaware,West Virginia,Nevada,West Virginia,Kansas,Oklahoma,Maine,Utah,Tennessee,New Hampshire,New Hampshire,Rhode Island,Nebraska,Vermont,Montana,South Dakota,Montana,Montana,New Mexico,South Dakota,Vermont,Oklahoma,North Dakota,New Hampshire,Rhode Island,Hawaii,Nevada
38,Maryland,North Dakota,Mississippi,South Carolina,Maine,New Hampshire,Indiana,Connecticut,New Hampshire,Maine,Delaware,Tennessee,Mississippi,Alaska,Utah,Louisiana,Delaware,Connecticut,New Mexico,Arkansas,Vermont,Maryland,Connecticut,New Hampshire,Oklahoma,New Hampshire,Arkansas,Minnesota,New Hampshire,Arkansas,Nebraska,Rhode Island,Kansas,Maryland,Delaware,Oregon,Nevada,Mississippi,New Mexico,Maryland,Vermont,Iowa,North Dakota,Oklahoma,Arkansas,Alaska,Iowa,Utah,Vermont,Missouri,Alaska,New Hampshire,Delaware,Colorado,Maryland,West Virginia,Hawaii,Nevada,Rhode Island,Maryland,Idaho,Louisiana,Louisiana,Arkansas,Connecticut,South Carolina,Delaware,Nebraska,Iowa,Maine,Oregon,Nevada,New Hampshire,Oklahoma,Arkansas,Hawaii,Louisiana,Maine,Montana,Arkansas,Vermont,West Virginia,Nevada,Delaware,Idaho,Delaware,Nebraska,Iowa,Vermont,Arkansas,Rhode Island,South Dakota,Maine,Maine,Nebraska,South Carolina,Vermont
39,Hawaii,West Virginia,New Mexico,Massachusetts,Montana,Montana,Delaware,Kansas,Arkansas,Arizona,New Mexico,Maine,New Hampshire,Delaware,Arkansas,New Hampshire,Kansas,Nebraska,Hawaii,Alabama,North Dakota,Nebraska,New Mexico,Rhode Island,Arkansas,South Dakota,Iowa,Virginia,Nebraska,Connecticut,Montana,Utah,New Hampshire,Nebraska,Arkansas,Georgia,Iowa,Nebraska,Rhode Island,Utah,Delaware,Louisiana,Oklahoma,Kansas,Minnesota,Arkansas,Rhode Island,Oklahoma,Idaho,Montana,Idaho,Maryland,Vermont,Arkansas,Mississippi,Nevada,Montana,Arkansas,Oregon,Alaska,Oklahoma,Hawaii,Rhode Island,Kansas,Alaska,Arkansas,Arkansas,Vermont,Delaware,Rhode Island,Indiana,North Dakota,Rhode Island,Hawaii,Delaware,Nevada,Arkansas,Alabama,Louisiana,Mississippi,Delaware,Delaware,Delaware,Maine,North Dakota,Rhode Island,Nevada,New Hampshire,Rhode Island,Vermont,New Hampshire,Idaho,New Hampshire,Delaware,Arkansas,Arkansas,Oregon
40,New Jersey,Oregon,Montana,New Hampshire,Tennessee,Kentucky,South Dakota,Alabama,Oklahoma,Delaware,Louisiana,Massachusetts,Alabama,Hawaii,Maine,Delaware,Oregon,Arkansas,Delaware,West Virginia,Oklahoma,Vermont,Vermont,Alaska,Kansas,Wisconsin,Colorado,West Virginia,Rhode Island,Alabama,Delaware,Nebraska,Louisiana,Mississippi,Vermont,Wisconsin,West Virginia,Nevada,South Dakota,Nevada,Maine,Vermont,Rhode Island,Utah,Alaska,Hawaii,Missouri,Nebraska,Maine,Nebraska,Minnesota,North Dakota,Alaska,Mississippi,Arkansas,Oregon,Oklahoma,Vermont,Washington,Arkansas,Louisiana,Montana,Nebraska,Rhode Island,Louisiana,North Dakota,New Mexico,South Dakota,Nevada,Nevada,Montana,Colorado,Delaware,Nebraska,Utah,Rhode Island,Vermont,Oklahoma,New Mexico,North Dakota,Nebraska,Idaho,North Dakota,Arkansas,West Virginia,Louisiana,Alaska,Nevada,Arkansas,Louisiana,Idaho,New Mexico,Oklahoma,Nebraska,Alabama,Montana,Iowa
41,Vermont,Connecticut,Iowa,Montana,Connecticut,West Virginia,Oklahoma,Montana,Alaska,Alabama,New Hampshire,Hawaii,Nebraska,Idaho,Delaware,Nevada,Oklahoma,Rhode Island,Oklahoma,Hawaii,Montana,Mississippi,Massachusetts,Idaho,Delaware,Oklahoma,New Hampshire,New Mexico,Mississippi,South Dakota,Nevada,Vermont,New Mexico,Nevada,North Dakota,Nevada,Alabama,Oklahoma,Nevada,Vermont,Montana,Hawaii,Alabama,Montana,Montana,Idaho,Colorado,Kansas,Rhode Island,Nevada,Kentucky,South Dakota,Arkansas,Nevada,Utah,New Mexico,Nebraska,New Mexico,New Mexico,Maine,Hawaii,Kansas,Idaho,Iowa,Iowa,Louisiana,Idaho,Rhode Island,Idaho,Delaware,Kansas,Oklahoma,West Virginia,Nevada,Mississippi,South Dakota,Mississippi,New Hampshire,Vermont,Alaska,Maine,South Dakota,Arkansas,Rhode Island,Maine,Nevada,Hawaii,Utah,Idaho,Iowa,Mississippi,Colorado,Vermont,Arkansas,New Mexico,Kansas,Nebraska
42,North Dakota,Maine,Connecticut,North Dakota,Louisiana,Mississippi,Alabama,Nebraska,Kentucky,Kentucky,Connecticut,Oklahoma,Rhode Island,New Hampshire,Nevada,Kentucky,Alaska,Oklahoma,South Dakota,New Hampshire,Alabama,South Carolina,Delaware,Kansas,Massachusetts,Alabama,Massachusetts,Nebraska,Idaho,Maine,West Virginia,Maine,Rhode Island,Maine,Nevada,Alaska,Arkansas,Delaware,Nebraska,New Mexico,Hawaii,Arkansas,Idaho,Colorado,New Mexico,Montana,Idaho,Colorado,Delaware,New Hampshire,Arkansas,Alaska,Hawaii,Hawaii,North Dakota,Kansas,Iowa,Maine,Arkansas,Idaho,Montana,Arkansas,Oklahoma,Louisiana,Montana,Rhode Island,Alaska,Delaware,New Hampshire,Nebraska,Hawaii,New Mexico,North Dakota,Delaware,Iowa,Idaho,Delaware,South Dakota,Hawaii,New Mexico,West Virginia,New Mexico,Idaho,Nebraska,Utah,West Virginia,Mississippi,Vermont,Louisiana,Maine,Nebraska,Kansas,Idaho,South Dakota,Louisiana,Alabama,Idaho
43,Louisiana,Montana,Nevada,Maine,Nevada,Hawaii,Hawaii,Oklahoma,North Dakota,Hawaii,Nevada,West Virginia,Vermont,New Mexico,Vermont,Montana,Mississippi,Alaska,Maine,Oklahoma,Maine,New Hampshire,Nevada,Maine,Idaho,New Mexico,North Carolina,Vermont,South Dakota,Vermont,Maryland,New Mexico,Maine,Vermont,Rhode Island,New Mexico,Maine,Arkansas,Maine,Rhode Island,Rhode Island,Nebraska,Kentucky,North Dakota,North Dakota,Nevada,Louisiana,South Dakota,Louisiana,North Dakota,Colorado,Iowa,Maine,Nebraska,South Dakota,Alaska,North Dakota,West Virginia,Vermont,Nebraska,Arkansas,Nebraska,Arkansas,Oklahoma,Rhode Island,Alaska,Louisiana,Louisiana,Maine,Vermont,South Dakota,Vermont,Idaho,Maine,Idaho,Nebraska,Nebraska,North Dakota,North Dakota,Louisiana,Rhode Island,Nebraska,Montana,Louisiana,Alaska,Idaho,Louisiana,Oklahoma,Maine,Idaho,Louisiana,Vermont,Rhode Island,Montana,South Dakota,Idaho,Rhode Island
44,Nebraska,Alaska,Kansas,Louisiana,New Hampshire,Alaska,Iowa,Louisiana,South Dakota,Massachusetts,Hawaii,Connecticut,North Dakota,North Dakota,Hawaii,New Mexico,South Carolina,Maine,Louisiana,Alaska,South Dakota,Alaska,Idaho,Mississippi,New Mexico,Kansas,South Carolina,Maine,Montana,North Dakota,Connecticut,Idaho,Hawaii,South Dakota,Maine,Maine,Louisiana,South Dakota,Vermont,South Dakota,Nevada,South Dakota,Mississippi,Delaware,Oklahoma,New Hampshire,Nebraska,Rhode Island,North Dakota,Oregon,Iowa,Maine,Mississippi,Montana,New Mexico,Oklahoma,West Virginia,South Dakota,North Dakota,West Virginia,South Dakota,Rhode Island,Maine,West Virginia,North Dakota,Maine,Maine,New Mexico,Vermont,Idaho,Arkansas,New Hampshire,Vermont,Vermont,Nebraska,Delaware,North Dakota,Alaska,Alaska,Delaware,North Dakota,Montana,South Dakota,West Virginia,Delaware,Maine,New Mexico,North Dakota,West Virginia,Rhode Island,North Dakota,Montana,South Dakota,Louisiana,Idaho,Alaska,Alaska
45,Alaska,New Mexico,Oklahoma,Alaska,New Mexico,Nebraska,Rhode Island,Alaska,Mississippi,Nevada,Alabama,Vermont,Idaho,South Carolina,Oklahoma,Connecticut,Montana,North Dakota,Alabama,Vermont,New Hampshire,Oklahoma,Maine,Nebraska,New Hampshire,Mississippi,Idaho,North Dakota,Vermont,New Mexico,New Hampshire,South Dakota,Oklahoma,New Mexico,Louisiana,Mississippi,Kansas,Rhode Island,Idaho,Maine,North Dakota,Rhode Island,Nebraska,Nebraska,Rhode Island,North Dakota,Oklahoma,West Virginia,New Mexico,South Dakota,Louisiana,Montana,Nebraska,Idaho,Hawaii,Arkansas,Idaho,Idaho,Idaho,New Mexico,Nebraska,West Virginia,Hawaii,Nebraska,South Dakota,Nebraska,Nebraska,Idaho,Montana,New Mexico,Maine,Montana,Maine,Idaho,North Dakota,Maine,Alaska,Delaware,Arkansas,Hawaii,New Mexico,North Dakota,Rhode Island,North Dakota,South Dakota,New Mexico,Idaho,Kentucky,Montana,West Virginia,New Mexico,Alaska,Delaware,New Mexico,Vermont,Nebraska,Louisiana
46,Rhode Island,Hawaii,Nebraska,Delaware,North Dakota,Iowa,West Virginia,New Hampshire,Kansas,Alaska,Mississippi,Alaska,Alaska,South Dakota,Rhode Island,North Dakota,Arkansas,Montana,Rhode Island,Mississippi,Hawaii,Montana,West Virginia,North Dakota,Rhode Island,Vermont,Nevada,New Hampshire,Maine,Idaho,Rhode Island,North Dakota,South Dakota,North Dakota,West Virginia,Nebraska,North Dakota,Idaho,North Dakota,Idaho,Alaska,New Mexico,New Mexico,South Dakota,South Dakota,Oklahoma,South Dakota,North Dakota,Nebraska,Vermont,Montana,Vermont,New Mexico,New Mexico,Alaska,Idaho,South Dakota,Hawaii,Alaska,Hawaii,North Dakota,Alaska,Montana,North Dakota,Maine,New Mexico,North Dakota,Maine,South Dakota,South Dakota,North Dakota,Alaska,South Dakota,North Dakota,Montana,Alaska,Idaho,Idaho,Idaho,Nebraska,Montana,Maine,Maine,South Dakota,Vermont,New Hampshire,Vermont,South Dakota,South Dakota,Montana,West Virginia,Rhode Island,West Virginia,Alaska,Montana,Oklahoma,Montana
47,Mississippi,New Hampshire,North Dakota,Oklahoma,Hawaii,Delaware,Alaska,West Virginia,Maine,New Hampshire,Rhode Island,New Hampshire,Arkansas,Tennessee,Montana,Hawaii,Hawaii,Mississippi,New Hampshire,Rhode Island,New Mexico,Alabama,New Hampshire,South Dakota,North Dakota,Nebraska,South Dakota,South Dakota,New Mexico,West Virginia,Alaska,Alaska,Montana,Alaska,Montana,Hawaii,Nebraska,Vermont,Montana,Montana,Alabama,North Dakota,South Dakota,New Mexico,Utah,Rhode Island,Alaska,Montana,Montana,Virginia,North Dakota,Hawaii,South Dakota,North Dakota,Idaho,North Dakota,Vermont,North Dakota,Hawaii,Montana,West Virginia,North Dakota,Vermont,New Mexico,Hawaii,South Dakota,Rhode Island,Hawaii,Mississippi,Montana,Mississippi,South Dakota,Montana,Montana,Alaska,Montana,Montana,Montana,Mississippi,Idaho,South Dakota,Vermont,Vermont,Alaska,Rhode Island,Vermont,North Dakota,Nebraska,North Dakota,North Dakota,Arkansas,North Dakota,Hawaii,North Dakota,North Dakota,West Virginia,Delaware
48,New Hampshire,Rhode Island,South Dakota,Rhode Island,Vermont,New Mexico,New Hampshire,Vermont,West Virginia,Rhode Island,Alaska,Rhode Island,New Mexico,Vermont,West Virginia,Vermont,Rhode Island,South Dakota,Alaska,Montana,Alaska,New Mexico,Rhode Island,Utah,Alaska,Maine,Rhode Island,Alaska,Alaska,Alaska,Hawaii,Montana,Alaska,Montana,Alaska,Rhode Island,Hawaii,Alaska,Hawaii,Hawaii,New Mexico,West Virginia,Vermont,Rhode Island,Vermont,South Dakota,Montana,Hawaii,Hawaii,West Virginia,Tennessee,Nebraska,Tennessee,Alaska,Montana,Montana,Alaska,Alaska,Montana,North Dakota,New Mexico,South Dakota,Alaska,South Dakota,New Mexico,Vermont,Vermont,North Dakota,Hawaii,Alaska,West Virginia,Idaho,Alaska,Alaska,Hawaii,Vermont,South Dakota,Vermont,Oklahoma,Montana,Alaska,Alaska,Alaska,Hawaii,New Mexico,Alaska,Rhode Island,Hawaii,Alaska,Mississippi,Alaska,Hawaii,Montana,West Virginia,Alaska,North Dakota,North Dakota
49,Delaware,Vermont,West Virginia,Hawaii,West Virginia,Rhode Island,Vermont,Rhode Island,Montana,West Virginia,West Virginia,Mississippi,South Dakota,West Virginia,New Mexico,West Virginia,West Virginia,West Virginia,West Virginia,South Dakota,West Virginia,West Virginia,Hawaii,West Virginia,Hawaii,Hawaii,Vermont,Hawaii,Hawaii,Hawaii,Vermont,Hawaii,North Dakota,Hawaii,Hawaii,Vermont,Montana,Hawaii,Alaska,Alaska,West Virginia,Alaska,West Virginia,Hawaii,West Virginia,Vermont,North Dakota,Alaska,Alaska,Wisconsin,West Virginia,West Virginia,West Virginia,South Dakota,West Virginia,Hawaii,New Mexico,Montana,West Virginia,South Dakota,Alaska,New Mexico,North Dakota,Alaska,West Virginia,West Virginia,West Virginia,Alaska,Alaska,Hawaii,Nebraska,Delaware,Hawaii,South Dakota,South Dakota,North Dakota,West Virginia,West Virginia,West Virginia,South Dakota,Hawaii,Hawaii,Hawaii,Montana,Hawaii,Hawaii,South Dakota,West Virginia,Hawaii,New Mexico,South Dakota,Louisiana,Alaska,Hawaii,Hawaii,South Dakota,South Dakota
50,,,,,,,,,,,,,,,,,,,,,,,,,,,,,,,,,,,,,,,,,,,,,,,,,,,,,,,,,,,,,,,,,,,,,,,,,,,,,,,,,,,,,,,,,,,,,,,,,
